week,actual_revenue,forecast,lower,upper,is_holdout_forecast
2017-10-02,1215556.0,6945744.49,5299424.02,8515275.91,False
2017-10-09,7701618.0,6728678.39,4999312.74,8577219.34,False
2017-10-16,7041321.0,7115109.89,5435839.26,8790845.17,False
2017-10-23,8670858.0,7691394.52,5947867.92,9405413.75,False
2017-10-30,5786420.0,7972301.8,6286414.67,9723313.58,False
2017-11-06,7410640.0,7923565.44,6316677.99,9606907.64,False
2017-11-13,7868169.0,7949730.24,6259636.57,9615871.97,False
2017-11-20,8639645.0,8372820.99,6661888.68,10087174.26,False
2017-11-27,8744846.0,8984509.31,7268407.71,10645058.27,False
2017-12-04,8351540.0,9173550.83,7415586.55,10811869.07,False
2017-12-11,8831855.0,8522997.34,6772604.04,10212614.7,False
2017-12-18,7292598.0,7286722.39,5510638.25,8918648.8,False
2017-12-25,6012586.0,6269858.85,4620632.16,7952713.28,False
2018-01-01,7096496.0,6202672.19,4561354.14,8073082.32,False
2018-01-08,6208136.0,7152875.93,5503433.93,8910896.38,False
2018-01-15,11176345.0,8471922.33,6735146.13,10216631.41,False
2018-01-22,7701941.0,9307681.7,7852502.34,11039168.02,False
2018-01-29,13152255.0,9257099.11,7517525.82,10846597.99,False
2018-02-05,8576328.0,8636782.89,6952125.53,10262760.33,False
2018-02-12,9395891.0,8165610.73,6431029.06,9865369.45,False
2018-02-19,7519320.0,8328235.77,6640155.59,10107541.74,False
2018-02-26,9524090.0,8955074.2,7168223.03,10694560.18,False
2018-03-05,9148521.0,9384276.18,7593500.88,11113512.22,False
2018-03-12,10870989.0,9076883.67,7441091.12,10615751.76,False
2018-03-19,9843628.0,8128438.74,6501723.2,9801022.48,False
2018-03-26,5736520.0,7202524.6,5533474.16,8911689.23,False
2018-04-02,7120948.0,6932659.69,5086717.35,8620320.44,False
2018-04-09,9641319.0,7357174.19,5714338.77,9147786.87,False
2018-04-16,9309883.0,7925920.45,6341840.73,9682627.03,False
2018-04-23,6815252.0,8053375.29,6356881.75,9653849.69,False
2018-04-30,8751554.0,7654992.91,5907389.83,9399779.89,False
2018-05-07,6551765.0,7150803.05,5555751.28,8886742.86,False
2018-05-14,7542705.0,6991239.4,5229704.45,8720066.73,False
2018-05-21,6253003.0,7236656.39,5467979.22,8989768.0,False
2018-05-28,8148141.0,7599309.63,5876185.56,9260968.86,False
2018-06-04,8675342.0,7816246.05,6144660.52,9694274.03,False
2018-06-11,7934607.0,7892518.27,6277899.8,9624339.79,False
2018-06-18,8803766.0,7982569.22,6079759.78,9582236.32,False
2018-06-25,7570332.0,8138947.97,6498658.87,9890086.08,False
2018-07-02,7891001.0,8277835.62,6564002.81,10071861.76,False
2018-07-09,8568047.0,8372507.25,6627067.3,10003667.26,False
2018-07-16,8565229.0,8554259.55,6908853.35,10210886.17,False
2018-07-23,9257252.0,8921966.51,7240995.11,10517219.42,False
2018-07-30,8192222.0,9286733.35,7508351.65,10908949.25,False
2018-08-06,9799911.0,9239623.53,7496088.4,10847205.56,False
2018-08-13,8309556.0,8568163.18,6811318.3,10215159.0,False
2018-08-20,7814212.0,7574695.83,5819884.95,9281972.65,False
2018-08-27,7303858.0,6874573.62,5125104.63,8612218.17,False
2018-09-03,7017835.0,6814371.86,5073661.11,8489984.46,False
2018-09-10,8579424.0,7119333.35,5368949.48,8994963.91,False
2018-09-17,5475119.0,7178927.03,5475083.46,8938687.77,False
2018-09-24,9017028.0,6691757.52,5014025.23,8448055.26,False
2018-10-01,5510605.0,5982890.02,4336013.88,7662288.1,False
2018-10-08,5879883.0,5653531.18,3910472.69,7248527.99,False
2018-10-15,6536271.0,5949570.26,4321847.55,7729788.36,False
2018-10-22,6352505.0,6533208.82,4960354.91,8276181.13,False
2018-10-29,5303009.0,6885245.99,5359079.31,8707211.79,False
2018-11-05,7812248.0,6872358.18,5098776.0,8571804.33,False
2018-11-12,8442519.0,6850075.56,5060010.76,8567463.04,False
2018-11-19,7092542.0,7199191.69,5408767.58,8965670.93,False
2018-11-26,6114407.0,7815972.41,6062873.25,9614933.26,False
2018-12-03,9788774.0,8124525.09,6419372.05,9771105.84,False
2018-12-10,8443974.0,7626108.16,5994206.97,9406805.54,False
2018-12-17,7927609.0,6443895.96,4743839.9,8137413.63,False
2018-12-24,4148756.0,5321592.42,3602210.13,6987465.17,False
2018-12-31,2414645.0,5055338.71,3390067.04,6764656.98,False
2019-01-07,8986823.0,5854126.9,4067080.66,7553340.32,False
2019-01-14,7596949.0,7172373.55,5575976.15,8877392.22,False
2019-01-21,6508529.0,8142909.24,6347478.51,9785790.63,False
2019-01-28,7115327.0,8246257.06,6452702.64,10089353.21,False
2019-02-04,8911923.0,7677787.25,5982469.64,9466263.74,False
2019-02-11,6493676.0,7128587.22,5337388.02,8917528.24,False
2019-02-18,5902899.0,7169194.99,5526408.25,8893122.6,False
2019-02-25,7358981.0,7753211.27,6036874.03,9414489.72,False
2019-03-04,5302005.0,8269601.15,6552905.0,9931238.09,False
2019-03-11,8178554.0,8108082.63,6356478.12,9820420.42,False
2019-03-18,6565491.0,7235815.24,5432872.82,8934137.68,False
2019-03-25,5705940.0,6248980.08,4561122.87,7993738.98,False
2019-04-01,6097455.0,5837938.54,4259947.12,7598178.61,False
2019-04-08,5931450.0,6167007.96,4547757.16,7795665.13,False
2019-04-15,5657767.0,6760848.41,5021812.26,8593061.87,False
2019-04-22,6512843.0,6991446.82,5256125.73,8704152.5,False
2019-04-29,5794339.0,6666061.3,4988163.43,8488249.25,False
2019-05-06,7638366.0,6141145.35,4390867.44,7911779.37,False
2019-05-13,5130645.0,5901917.68,4313509.24,7553141.58,False
2019-05-20,6398650.0,6090247.56,4294721.26,7765485.62,False
2019-05-27,6632391.0,6457104.81,4736766.09,8120122.67,False
2019-06-03,5982541.0,6707806.08,5046412.1,8500884.42,False
2019-06-10,6017423.0,6798511.62,5001045.73,8464502.18,False
2019-06-17,7336249.0,6877006.8,5172144.59,8642119.83,False
2019-06-24,5993561.0,7025654.15,5422380.63,8722123.06,False
2019-07-01,8448969.0,7174116.6,5499286.68,8780040.33,False
2019-07-08,7099741.0,7270692.31,5627780.69,8968313.66,False
2019-07-15,7437182.0,7424557.69,5743758.95,9056927.93,False
2019-07-22,7639550.0,7762896.94,5999335.3,9352636.18,False
2019-07-29,7999490.0,8156097.4,6401622.29,9913191.06,False
2019-08-05,9066196.0,8210098.35,6553395.28,9960013.92,False
2019-08-12,7837345.0,7643593.27,5916406.84,9300469.28,False
2019-08-19,5791873.0,6664679.62,5037187.48,8337049.43,False
2019-08-26,6084010.0,5871279.16,4210671.63,7500433.73,False
2019-09-02,4731270.0,5698995.85,3963316.69,7413956.86,False
2019-09-09,5817071.0,5982023.14,4410635.29,7840553.34,False
2019-09-16,5842992.0,6124252.99,4409662.46,7707090.14,False
2019-09-23,6196142.0,5727957.11,4096799.46,7338962.53,False
2019-09-30,7082039.0,5013916.85,3272415.42,6793204.09,False
2019-10-07,5135062.0,4581676.29,2804012.17,6283823.98,False
2019-10-14,6211800.0,4776210.9,2998354.85,6451443.45,False
2019-10-21,5114683.0,5349816.19,3540992.66,7045071.81,False
2019-10-28,6173155.0,6162726.1,4393104.13,7946325.36,False
2019-11-04,6618790.0,5805911.63,4054635.67,7502774.07,False
2019-11-11,5667235.0,5749758.81,3953690.77,7378519.07,False
2019-11-18,7117266.0,6022454.46,4409768.91,7785754.16,False
2019-11-25,6690644.0,6625218.03,4927854.36,8414433.75,False
2019-12-02,4889219.0,7036647.56,5355021.09,8782986.46,False
2019-12-09,5880525.0,6695182.21,4989868.13,8586407.3,False
2019-12-16,9124232.0,5593298.23,3906833.65,7316998.76,False
2019-12-23,1964794.0,4393691.17,2691001.74,6086915.65,False
2019-12-30,2668719.0,3936402.42,2313820.41,5642977.31,False
2020-01-06,6657656.0,4566008.52,2824820.99,6212529.57,False
2020-01-13,4195268.0,5854760.89,4128169.29,7663949.74,False
2020-01-20,6695760.0,6943342.52,5233590.34,8619396.53,False
2020-01-27,6166759.0,7208376.95,5541521.82,8895316.28,False
2020-02-03,4319169.0,6716467.48,5025618.14,8403462.99,False
2020-02-10,7419763.0,6109769.42,4394274.86,7791059.01,False
2020-02-17,5267559.0,6027624.08,4409012.05,7700838.49,False
2020-02-24,9928300.0,6548570.27,4927573.4,8140374.36,False
2020-03-02,6411097.0,7131065.91,5465683.19,8767610.9,False
2020-03-09,6311507.0,6288737.34,4562284.14,7944068.09,False
2020-03-16,7369545.0,6338868.81,4656529.06,8074182.48,False
2020-03-23,5243067.0,5315041.56,3509523.98,6947794.31,False
2020-03-30,3315237.0,4768472.27,3116519.54,6564455.21,False
2020-04-05,,4916430.23,3264695.17,6710240.93,True
2020-04-06,4844958.0,,,,True
2020-04-12,,5500148.38,3805091.41,7184954.5,True
2020-04-13,6147252.0,,,,True
2020-04-19,,5897796.64,4262325.59,7662009.11,True
2020-04-20,6598724.0,,,,True
2020-04-26,,5733879.18,4080654.3,7324415.65,True
2020-04-27,5467955.0,,,,True
2020-05-03,,5214689.61,3546356.74,6885470.14,True
2020-05-04,7138351.0,,,,True
2020-05-10,,4845637.11,3096194.12,6494837.91,True
2020-05-11,5508893.0,,,,True
2020-05-17,,4909653.14,3235821.75,6598492.55,True
2020-05-18,5236798.0,,,,True
2020-05-24,,5257592.34,3525305.96,7038008.53,True
2020-05-25,5332731.0,,,,True
2020-05-31,,5564879.38,3790763.69,7206299.91,True
2020-06-01,4200310.0,,,,True
2020-06-07,,5695165.19,4056540.43,7353943.93,True
2020-06-08,6231295.0,,,,True
2020-06-14,,5760824.06,4185001.6,7497946.42,True
2020-06-15,3916076.0,,,,True
2020-06-21,,5888961.19,4119378.22,7471326.66,True
2020-06-22,364295.0,,,,True
